Usernames,Ride ID
abendtsen1j,1
abirt1f,2
afalknerf,3
afitzsymon13,4
ahallybone1a,5
amckerroww,6
ascholar18,7
asheircliffe1m,8
astreeter2c,9
atomicki29,10
avan14,11
bcallinan1b,12
bkastingx,13
bsandbrookr,14
bstarmonty,15
btompionm,16
btrundler1h,17
cacuna16,18
cchesterfield28,19
ccoulthartv,20
ccrother2k,21
ckleingrub26,22
cmcmurray1o,23
cspinozzid,24
ctreherne6,25
dfearnehough5,26
dhugo12,27
dscuddersu,28
ecolclough2e,29
edearnaly1y,30
egytesham7,31
eloftyi,32
emaffioni2d,33
emowling2a,34
etabbitt1t,35
fbridgman2o,36
fharbor1k,37
gcockaymee,38
gfarndon1p,39
gjeanneauh,40
grainforthk,41
gshankle2f,42
gstito,43
gtomalin4,44
gtort2r,45
hnibley1u,46
hoddy1e,47
hpinnickz,48
jhattiganj,49
jwhitington27,50
kdeversa,51
khenriquet24,52
kshacklady1l,53
ktrelease10,54
lbone1c,55
lfedorski2q,56
lgodsell15,57
lismay22,58
lprisk2b,59
lsandey11,60
maxlebyn,61
mbainsg,62
mbewlayt,63
mdanielou2,64
mhawford1q,65
mlantophq,66
mmannock1d,67
mrikkard2p,68
mtettersell2h,69
mtextonc,70
mvasyukhnov0,71
ncrannachl,72
nfaint1s,73
npetrichat3,74
nphilipeaup,75
nrumble2i,76
nshayes9,77
pclementucci1i,78
pespley2n,79
rbandiera2m,80
rpickavance2l,81
rtongue1z,82
scluff1g,83
sgravey23,84
shebblewaite21,85
skohring1r,86
sledley1w,87
slorman25,88
swodham2g,89
tband1,90
tdorgan1x,91
tfury19,92
tshoorbrooke1n,93
vdobie2j,94
vfoulstone8,95
vphilips17,96
wfaithfullb,97
wkyngdon1v,98
ykrop20,99
ymenloes,100
